{
    "themes": {
      "Pink": {
        "Button": "#FFB6C1",
        "Button text": "#D87A8D",
        "Title bar": "#FFB6C1",
        "Title text": "#D87A8D",
        "Background": "#FFC0CB",
        "Scroll Area Background": "#FFF0F5",
        "Stats Display Background": "#FFFFFF",
        "Option Label Text": "#D87A8D"
      },
      "Femboy": {
        "Button": "#D3A0C3",
        "Button text": "#7A3F7D",
        "Title bar": "#D3A0C3",
        "Title text": "#7A3F7D",
        "Background": "#E8D7F2",
        "Scroll Area Background": "#F4E8F7",
        "Stats Display Background": "#F5F5F5",
        "Option Label Text": "#7A3F7D"
      },
      "Blue": {
        "Button": "#ADD8E6",
        "Button text": "#00008B",
        "Title bar": "#ADD8E6",
        "Title text": "#00008B",
        "Background": "#B0E0E6",
        "Scroll Area Background": "#E0FFFF",
        "Stats Display Background": "#FFFFFF",
        "Option Label Text": "#00008B"
    },
    "Hacker": {
        "Button": "#00FF00",
        "Button text": "#FFFFFF",
        "Title bar": "#000000",
        "Title text": "#00FF00",
        "Background": "#777777",
        "Scroll Area Background": "#1F1F1F",
        "Stats Display Background": "#2F2F2F",
        "Option Label Text": "#00FF00"
        }
    }
  }
  